CalculationTIme,R2,MAE,MSE,MAPE
1662980790795,-2.028269137281664,271.7672416040996,122115.9786356393,0.012342103307670162
1662980790795,-2.028269137281664,271.7672416040996,122115.9786356393,0.012342103307670162
