CalculationTIme,R2,MAE,MSE,MAPE
1662980790795,-2.028269137281664,271.7672416040996,122115.9786356393,0.012342103307670162
1662980790795,-2.028269137281664,271.7672416040996,122115.9786356393,0.012342103307670162
1662982925794,-2.103062381319148,267.9772416040996,117353.92926248847,0.012176127494885832
1662984072232,-2.103062381319148,267.9772416040996,117353.92926248847,0.012176127494885832
